Date,Time,Time(1),Global_active_power,Global_reactive_power,Real Power,Power Factor,Voltage,Global_intensity,Current,Sub_metering_1,Sub_metering_2,Sub_metering_3,
17-12-06,00:00:00,12:00:00 AM,1.044,0.152,2,0.989566792,242.73,4.4,0.008239608,0,2,0,
17-12-06,00:01:00,12:01:00 AM,1.52,0.22,1,0.989687371,242.2,7.4,0.004128819,0,1,0,
17-12-06,00:02:00,12:02:00 AM,3.038,0.194,2,0.997967305,240.14,12.6,0.008328475,0,2,0,
17-12-06,00:03:00,12:03:00 AM,2.974,0.194,1,0.997879158,239.97,12.4,0.004167188,0,1,0,
17-12-06,00:04:00,12:04:00 AM,2.846,0.198,2,0.997588665,240.39,11.8,0.008319814,0,2,0,
17-12-06,00:05:00,12:05:00 AM,2.848,0.198,1,0.997592038,240.59,11.8,0.004156449,0,1,0,
17-12-06,00:06:00,12:06:00 AM,2.858,0.202,1,0.997511573,241.14,11.8,0.004146969,0,1,0,
17-12-06,00:07:00,12:07:00 AM,2.472,0.208,2,0.996478716,241.62,10.8,0.00827746,0,2,0,
17-12-06,00:08:00,12:08:00 AM,0.658,0.244,1,0.937611178,243.75,3,0.004102564,0,1,0,
17-12-06,00:09:00,12:09:00 AM,0.838,0.334,2,0.928934678,242.09,4.8,0.00826139,0,2,0,
17-12-06,00:10:00,12:10:00 AM,2.608,0.298,1,0.993535128,239.45,10.8,0.004176237,0,1,0,
17-12-06,00:11:00,12:11:00 AM,2.598,0.296,1,0.993572058,239.44,10.8,0.004176412,0,1,0,
17-12-06,00:12:00,12:12:00 AM,2.56,0.286,2,0.993817276,238.71,10.8,0.008378367,0,2,0,
17-12-06,00:13:00,12:13:00 AM,2.526,0.278,1,0.993998367,236.95,10.6,0.0042203,0,1,0,
17-12-06,00:14:00,12:14:00 AM,2.472,0.194,1,0.996934678,237.55,10.4,0.00420964,0,1,0,
17-12-06,00:15:00,12:15:00 AM,1.658,0.166,1,0.995025299,238.48,8,0.004193224,0,1,0,
17-12-06,00:16:00,12:16:00 AM,0.422,0.184,2,0.916655157,239.79,1.8,0.008340631,0,2,0,
17-12-06,00:17:00,12:17:00 AM,0.79,0.178,1,0.975543598,239.47,4.6,0.004175888,0,1,0,
17-12-06,00:18:00,12:18:00 AM,2.436,0.12,1,0.998788877,238.51,10.2,0.004192696,0,1,0,
17-12-06,00:19:00,12:19:00 AM,2.396,0.056,1,0.99972698,239.03,10,0.004183575,0,1,0,
17-12-06,00:20:00,12:20:00 AM,2.338,0,1,0,238.37,9.8,0.004195159,0,1,0,
17-12-06,00:21:00,12:21:00 AM,2.304,0.062,0,0.99963813,238.38,9.6,0,0,0,0,
17-12-06,00:22:00,12:22:00 AM,0.276,0,0,0,240.56,1.2,0,0,0,0,
17-12-06,00:23:00,12:23:00 AM,0.712,0,0,0,239.84,4.6,0,0,0,0,
17-12-06,00:24:00,12:24:00 AM,2.332,0.06,0,0.999669174,239.11,9.6,0,0,0,0,
17-12-06,00:25:00,12:25:00 AM,2.344,0.058,0,0.999694007,239.99,9.6,0,0,0,0,
17-12-06,00:26:00,12:26:00 AM,2.354,0.058,0,0.9996966,240.64,9.8,0,0,0,0,
17-12-06,00:27:00,12:27:00 AM,2.332,0.06,0,0.999669174,239.45,9.6,0,0,0,0,
17-12-06,00:28:00,12:28:00 AM,2.368,0.056,0,0.999720488,241.4,9.8,0,0,0,0,
17-12-06,00:29:00,12:29:00 AM,0.612,0,0,0,243.68,4,0,0,0,0,
17-12-06,00:30:00,12:30:00 AM,0.286,0,0,0,244.03,1.2,0,0,0,0,
17-12-06,00:31:00,12:31:00 AM,1.952,0.05,0,0.999672104,242.07,8.8,0,0,0,0,
17-12-06,00:32:00,12:32:00 AM,2.376,0.056,0,0.999722366,241.86,9.8,0,0,0,0,
17-12-06,00:33:00,12:33:00 AM,2.374,0.056,0,0.999721898,241.7,9.8,0,0,0,0,
17-12-06,00:34:00,12:34:00 AM,2.406,0,0,0,240,10,0,0,0,0,
17-12-06,00:35:00,12:35:00 AM,1.004,0.094,0,0.995645738,242,5.6,0,0,0,0,
17-12-06,00:36:00,12:36:00 AM,0.388,0.104,0,0.965903596,242.58,1.6,0,0,0,0,
17-12-06,00:37:00,12:37:00 AM,1.458,0.09,0,0.99810023,242.3,7.4,0,0,0,0,
17-12-06,00:38:00,12:38:00 AM,2.48,0.078,0,0.999505765,241.86,10.2,0,0,0,0,
17-12-06,00:39:00,12:39:00 AM,2.454,0.074,0,0.999545652,240.76,10.2,0,0,0,0,
17-12-06,00:40:00,12:40:00 AM,2.468,0.078,0,0.99950095,241.52,10.2,0,0,0,0,
17-12-06,00:41:00,12:41:00 AM,2.028,0.084,0,0.999143289,241.88,9,0,0,0,0,
17-12-06,00:42:00,12:42:00 AM,0.382,0.108,0,0.962280735,243.65,1.6,0,0,0,0,
17-12-06,00:43:00,12:43:00 AM,0.902,0.098,0,0.99414961,242.62,5.2,0,0,0,0,
17-12-06,00:44:00,12:44:00 AM,2.466,0.076,0,0.999525428,241.43,10.2,0,0,0,0,
17-12-06,00:45:00,12:45:00 AM,2.456,0.076,0,0.999521559,241.18,10.2,0,0,0,0,
17-12-06,00:46:00,12:46:00 AM,2.45,0.074,0,0.999544169,240.82,10,0,0,0,0,
17-12-06,00:47:00,12:47:00 AM,2.448,0.074,0,0.999543424,240.78,10,0,0,0,0,
17-12-06,00:48:00,12:48:00 AM,0.93,0,0,0,242.94,5.6,0,0,0,0,
17-12-06,00:49:00,12:49:00 AM,0.286,0,0,0,243.84,1.2,0,0,0,0,
17-12-06,00:50:00,12:50:00 AM,1.376,0,0,0,243.11,7.2,0,0,0,0,
17-12-06,00:51:00,12:51:00 AM,2.456,0.048,0,0.999809071,241.98,10,0,0,0,0,
17-12-06,00:52:00,12:52:00 AM,2.456,0.048,0,0.999809071,242.01,10,0,0,0,0,
17-12-06,00:53:00,12:53:00 AM,2.444,0.046,0,0.999822921,241.38,10,0,0,0,0,
17-12-06,00:54:00,12:54:00 AM,2.122,0.048,0,0.999744262,240.91,9.2,0,0,0,0,
17-12-06,00:55:00,12:55:00 AM,0.356,0.07,0,0.981211568,242.13,1.4,0,0,0,0,
17-12-06,00:56:00,12:56:00 AM,0.952,0.062,0,0.997886021,241.5,5.6,0,0,0,0,
17-12-06,00:57:00,12:57:00 AM,2.426,0,0,0,240.45,10,0,0,0,0,
17-12-06,00:58:00,12:58:00 AM,2.42,0,0,0,240.35,10,0,0,0,0,
17-12-06,00:59:00,12:59:00 AM,2.412,0,0,0,240.65,10,0,0,0,0,
17-12-06,01:00:00,1:00:00 AM,1.008,0,0,0,242.35,5.4,0,0,0,0,
17-12-06,01:01:00,1:01:00 AM,0.43,0,0,0,243.4,1.8,0,0,0,0,
17-12-06,01:02:00,1:02:00 AM,2.676,0.088,0,0.99945973,240.69,11.4,0,0,0,0,
17-12-06,01:03:00,1:03:00 AM,3.766,0.208,0,0.998478248,239.13,15.6,0,0,0,0,
17-12-06,01:04:00,1:04:00 AM,4.582,0.258,13,0.998418504,238.08,19.6,0.054603495,0,13,0,
17-12-06,01:05:00,1:05:00 AM,5.282,0.15,35,0.999597011,237.38,22.4,0.147442919,0,35,0,
17-12-06,01:06:00,1:06:00 AM,2.362,0.096,28,0.999175074,241.35,10.4,0.116014087,0,28,0,
17-12-06,01:07:00,1:07:00 AM,3.25,0.084,37,0.999666155,240.95,13.6,0.15355883,0,37,0,
17-12-06,01:08:00,1:08:00 AM,4.618,0.104,27,0.999746508,239.61,19.6,0.11268311,0,27,0,
17-12-06,01:09:00,1:09:00 AM,5.242,0.178,37,0.999423976,239.49,21.8,0.154494968,0,37,0,
17-12-06,01:10:00,1:10:00 AM,4.86,0.198,36,0.999171128,239.65,20.2,0.150219069,0,36,0,
17-12-06,01:11:00,1:11:00 AM,3.738,0.238,36,0.997979181,240.39,16,0.149756645,0,36,0,
17-12-06,01:12:00,1:12:00 AM,3.426,0.256,37,0.997219895,240.31,14.4,0.153967792,0,37,0,
17-12-06,01:13:00,1:13:00 AM,5.254,0.214,35,0.999171529,238.15,22,0.146966198,0,35,0,
17-12-06,01:14:00,1:14:00 AM,5.246,0.23,36,0.999040282,237.91,22,0.151317725,0,36,0,
17-12-06,01:15:00,1:15:00 AM,5.216,0.21,36,0.999190521,237.44,22,0.151617251,0,36,0,
17-12-06,01:16:00,1:16:00 AM,3.858,0.24,36,0.998070656,238.52,16.6,0.15093074,0,36,0,
17-12-06,01:17:00,1:17:00 AM,2.822,0.188,36,0.997788286,239.55,11.8,0.150281778,0,36,0,
17-12-06,01:18:00,1:18:00 AM,3.84,0.164,35,0.999089245,238.27,16.6,0.146892181,0,35,0,
17-12-06,01:19:00,1:19:00 AM,4.636,0.14,36,0.999544339,237.37,19.4,0.151661962,0,36,0,
17-12-06,01:20:00,1:20:00 AM,4.634,0.152,35,0.99946248,237.17,19.4,0.147573471,0,35,0,
17-12-06,01:21:00,1:21:00 AM,4.652,0.142,36,0.999534453,237.92,19.4,0.151311365,0,36,0,
17-12-06,01:22:00,1:22:00 AM,3.13,0.13,26,0.999138597,239.82,14.6,0.108414644,0,26,0,
17-12-06,01:23:00,1:23:00 AM,1.756,0.05,24,0.999594868,241.18,7.6,0.099510739,0,24,0,
17-12-06,01:24:00,1:24:00 AM,3.478,0,36,0,239.84,15,0.150100067,0,36,0,
17-12-06,01:25:00,1:25:00 AM,4.5,0,36,0,239.04,18.8,0.15060241,0,36,0,
17-12-06,01:26:00,1:26:00 AM,3.552,0,21,0,240.29,14.8,0.087394398,0,21,0,
17-12-06,01:27:00,1:27:00 AM,3.94,0,28,0,239.19,16.6,0.11706175,0,28,0,
17-12-06,01:28:00,1:28:00 AM,2.44,0,37,0,240.8,10,0.153654485,0,37,0,
17-12-06,01:29:00,1:29:00 AM,2.08,0,28,0,241.61,9,0.115889243,0,28,0,
17-12-06,01:30:00,1:30:00 AM,3.652,0,22,0,240.11,15.2,0.091624672,0,22,0,
17-12-06,01:31:00,1:31:00 AM,4.432,0,36,0,239.35,18.4,0.150407353,0,36,0,
17-12-06,01:32:00,1:32:00 AM,4.46,0,36,0,240.08,18.6,0.149950017,0,36,0,
17-12-06,01:33:00,1:33:00 AM,2.186,0.124,17,0.998395031,242.07,10,0.07022762,0,17,0,
17-12-06,01:34:00,1:34:00 AM,2.358,0.124,33,0.998620168,241.54,9.8,0.136623334,0,33,0,
17-12-06,01:35:00,1:35:00 AM,3.954,0.098,36,0.999692993,239.84,16.8,0.150100067,0,36,0,
17-12-06,01:36:00,1:36:00 AM,3.746,0.106,25,0.999599884,240.36,15.6,0.104010651,0,25,0,
17-12-06,01:37:00,1:37:00 AM,3.944,0.098,25,0.999691435,239.79,16.6,0.104257892,0,25,0,
17-12-06,01:38:00,1:38:00 AM,3.68,0.102,36,0.999616094,239.55,15.8,0.150281778,0,36,0,
17-12-06,01:39:00,1:39:00 AM,1.67,0.13,24,0.996983833,242.21,7.2,0.099087569,0,24,0,
17-12-06,01:40:00,1:40:00 AM,3.214,0.118,26,0.999326708,241.92,14.6,0.107473545,0,26,0,
17-12-06,01:41:00,1:41:00 AM,4.5,0,36,0,240.42,18.6,0.149737959,0,36,0,
17-12-06,01:42:00,1:42:00 AM,3.8,0,26,0,241.78,15.8,0.107535776,0,26,0,
17-12-06,01:43:00,1:43:00 AM,2.664,0,23,0,243.31,11.2,0.094529612,0,23,0,
17-12-06,01:44:00,1:44:00 AM,2.528,0.122,37,0.998837541,242.92,10.4,0.152313519,0,37,0,
17-12-06,01:45:00,1:45:00 AM,2.668,0.14,18,0.998626089,241.8,11.6,0.074441687,0,18,0,
17-12-06,01:46:00,1:46:00 AM,4.256,0.184,30,0.999066758,240.29,17.8,0.124849141,0,30,0,
17-12-06,01:47:00,1:47:00 AM,4.126,0.244,28,0.99825597,240.61,17.6,0.116370891,0,28,0,
17-12-06,01:48:00,1:48:00 AM,3.216,0.27,31,0.996494282,242.14,15,0.128025109,0,31,0,
17-12-06,01:49:00,1:49:00 AM,0.574,0.302,5,0.884985102,243.88,2.6,0.020501886,0,5,0,
17-12-06,01:50:00,1:50:00 AM,2.344,0.272,16,0.993334489,241.49,10.8,0.066255331,0,16,0,
17-12-06,01:51:00,1:51:00 AM,3.804,0.244,23,0.997949163,240.34,16.2,0.095697762,0,23,0,
17-12-06,01:52:00,1:52:00 AM,4.622,0.24,37,0.998654587,239.59,19.2,0.154430485,0,37,0,
17-12-06,01:53:00,1:53:00 AM,3.218,0.25,16,0.996995878,240.38,13.8,0.066561278,0,16,0,
17-12-06,01:54:00,1:54:00 AM,0.774,0.294,5,0.934831698,242.43,4.2,0.02062451,0,5,0,
17-12-06,01:55:00,1:55:00 AM,0.572,0.3,5,0.885588987,243.55,2.6,0.020529665,0,5,0,
17-12-06,01:56:00,1:56:00 AM,1.952,0.282,5,0.989725168,242.33,9,0.020633021,0,5,0,
17-12-06,01:57:00,1:57:00 AM,2.608,0.188,4,0.997411894,241.86,10.8,0.016538493,0,4,0,
17-12-06,01:58:00,1:58:00 AM,2.6,0.134,5,0.998674533,242.14,10.6,0.020649211,0,5,0,
17-12-06,01:59:00,1:59:00 AM,2.568,0.132,5,0.998681536,241.97,10.6,0.020663719,0,5,0,
17-12-06,02:00:00,2:00:00 AM,1.334,0.148,5,0.993901893,242.14,7,0.020649211,0,5,0,
17-12-06,02:01:00,2:01:00 AM,0.362,0.124,3,0.946037538,244.33,1.6,0.012278476,0,3,0,
17-12-06,02:02:00,2:02:00 AM,1.238,0.1,1,0.996753542,245.86,6.6,0.004067355,0,1,0,
17-12-06,02:03:00,2:03:00 AM,2.448,0.088,2,0.999354507,244.84,10,0.0081686,0,2,0,
17-12-06,02:04:00,2:04:00 AM,2.426,0.082,1,0.999429252,244.83,9.8,0.004084467,0,1,0,
17-12-06,02:05:00,2:05:00 AM,1.794,0.098,2,0.998511302,245.8,8.4,0.008136697,0,2,0,
17-12-06,02:06:00,2:06:00 AM,0.288,0.118,1,0.925342099,247.65,1.2,0.004037957,0,1,0,
17-12-06,02:07:00,2:07:00 AM,0.608,0.12,1,0.981074028,247.49,3.8,0.004040567,0,1,0,
17-12-06,02:08:00,2:08:00 AM,2.426,0.082,2,0.999429252,244.73,9.8,0.008172271,0,2,0,
17-12-06,02:09:00,2:09:00 AM,2.442,0.088,1,0.999351334,244.9,10,0.004083299,0,1,0,
17-12-06,02:10:00,2:10:00 AM,2.428,0.084,1,0.999402082,244.77,9.8,0.004085468,0,1,0,
17-12-06,02:11:00,2:11:00 AM,0.674,0.116,2,0.985510725,247.47,4.4,0.008081788,0,2,0,
17-12-06,02:12:00,2:12:00 AM,0.306,0.128,1,0.922540851,248.48,1.4,0.004024469,0,1,0,
17-12-06,02:13:00,2:13:00 AM,2.09,0.094,2,0.998990108,247.01,9,0.008096838,0,2,0,
17-12-06,02:14:00,2:14:00 AM,2.508,0.134,1,0.998575718,246.12,10.2,0.004063059,0,1,0,
17-12-06,02:15:00,2:15:00 AM,2.228,0.126,1,0.998404707,246.32,9.4,0.00405976,0,1,0,
17-12-06,02:16:00,2:16:00 AM,0.308,0.108,0,0.943667134,248.01,1.4,0,0,0,0,
17-12-06,02:17:00,2:17:00 AM,0.29,0.102,0,0.943350106,248.2,1.2,0,0,0,0,
17-12-06,02:18:00,2:18:00 AM,2.442,0.072,1,0.999565629,245.61,10,0.004071495,0,1,0,
17-12-06,02:19:00,2:19:00 AM,2.514,0.156,0,0.998080285,245.29,10.2,0,0,0,0,
17-12-06,02:20:00,2:20:00 AM,2.506,0.202,0,0.996767038,243.75,10.2,0,0,0,0,
17-12-06,02:21:00,2:21:00 AM,0.388,0.234,0,0.856322294,246.17,1.8,0,0,0,0,
17-12-06,02:22:00,2:22:00 AM,0.538,0.242,0,0.91198493,246.94,3.2,0,0,0,0,
17-12-06,02:23:00,2:23:00 AM,2.496,0.142,0,0.998385623,245.35,10.2,0,0,0,0,
17-12-06,02:24:00,2:24:00 AM,2.47,0.1,1,0.999181455,244.97,10,0.004082133,0,1,0,
17-12-06,02:25:00,2:25:00 AM,2.448,0.096,0,0.999231951,244.97,10,0,0,0,0,
17-12-06,02:26:00,2:26:00 AM,0.82,0.126,0,0.988399551,246.17,5,0,0,0,0,
17-12-06,02:27:00,2:27:00 AM,0.308,0.13,0,0.921297193,247.3,1.4,0,0,0,0,
17-12-06,02:28:00,2:28:00 AM,2.45,0.102,0,0.999134486,244.96,10,0,0,0,0,
17-12-06,02:29:00,2:29:00 AM,2.432,0.092,0,0.999285252,244.2,9.8,0,0,0,0,
17-12-06,02:30:00,2:30:00 AM,2.444,0.098,0,0.999197035,243.93,10,0,0,0,0,
17-12-06,02:31:00,2:31:00 AM,1.97,0.1,0,0.998714124,244.35,8.8,0,0,0,0,
17-12-06,02:32:00,2:32:00 AM,0.256,0,1,0,246.64,1.2,0.004054492,0,1,0,
17-12-06,02:33:00,2:33:00 AM,0.508,0,0,0,246.7,3.6,0,0,0,0,
17-12-06,02:34:00,2:34:00 AM,2.37,0,0,0,244.7,9.6,0,0,0,0,
17-12-06,02:35:00,2:35:00 AM,2.352,0,0,0,245.05,9.6,0,0,0,0,
17-12-06,02:36:00,2:36:00 AM,2.14,0,0,0,246.52,9,0,0,0,0,
17-12-06,02:37:00,2:37:00 AM,0.212,0,0,0,248.94,0.8,0,0,0,0,
17-12-06,02:38:00,2:38:00 AM,0.992,0,1,0,247.33,5.8,0.004043181,0,1,0,
17-12-06,02:39:00,2:39:00 AM,2.362,0,0,0,245.39,9.6,0,0,0,0,
17-12-06,02:40:00,2:40:00 AM,2.384,0,0,0,245.71,9.6,0,0,0,0,
17-12-06,02:41:00,2:41:00 AM,1.928,0,0,0,246.1,8.4,0,0,0,0,
17-12-06,02:42:00,2:42:00 AM,0.218,0,0,0,249.37,1,0,0,0,0,
17-12-06,02:43:00,2:43:00 AM,0.656,0,1,0,249.07,4.4,0.004014936,0,1,0,
17-12-06,02:44:00,2:44:00 AM,2.398,0,0,0,247.31,9.6,0,0,0,0,
17-12-06,02:45:00,2:45:00 AM,2.412,0,0,0,247.26,9.6,0,0,0,0,
17-12-06,02:46:00,2:46:00 AM,1.672,0,0,0,245.95,7.8,0,0,0,0,
17-12-06,02:47:00,2:47:00 AM,0.226,0,0,0,246.16,1,0,0,0,0,
17-12-06,02:48:00,2:48:00 AM,1.632,0,0,0,244.51,7.8,0,0,0,0,
17-12-06,02:49:00,2:49:00 AM,2.352,0,1,0,243.91,9.6,0.004099873,0,1,0,
17-12-06,02:50:00,2:50:00 AM,2.328,0.046,0,0.999804839,243.68,9.4,0,0,0,0,
17-12-06,02:51:00,2:51:00 AM,0.732,0,0,0,244.57,4.6,0,0,0,0,
17-12-06,02:52:00,2:52:00 AM,0.206,0,0,0,245.98,0.8,0,0,0,0,
17-12-06,02:53:00,2:53:00 AM,2.332,0,0,0,244.32,9.6,0,0,0,0,
17-12-06,02:54:00,2:54:00 AM,2.39,0,0,0,244.51,9.8,0,0,0,0,
17-12-06,02:55:00,2:55:00 AM,2.476,0.1,1,0.999185412,244.84,10,0.0040843,0,1,0,
17-12-06,02:56:00,2:56:00 AM,0.604,0.126,0,0.978926451,247.15,3.8,0,0,0,0,
17-12-06,02:57:00,2:57:00 AM,0.38,0.178,0,0.905573383,246.59,1.8,0,0,0,0,
17-12-06,02:58:00,2:58:00 AM,1.774,0.21,0,0.993066283,244.52,8.4,0,0,0,0,
17-12-06,02:59:00,2:59:00 AM,2.52,0.202,0,0.996802689,243.43,10.4,0,0,0,0,
17-12-06,03:00:00,3:00:00 AM,2.542,0.214,0,0.996475111,244.06,10.4,0,0,0,0,
17-12-06,03:01:00,3:01:00 AM,2.228,0.294,4,0.991405761,245.05,9.8,0.016323199,0,4,0,
17-12-06,03:02:00,3:02:00 AM,0.59,0.316,4,0.88152439,247.12,2.6,0.016186468,0,4,0,
17-12-06,03:03:00,3:03:00 AM,1.354,0.316,3,0.973830598,246.86,7,0.012152637,0,3,0,
17-12-06,03:04:00,3:04:00 AM,2.734,0.28,4,0.994796579,245.41,11.2,0.016299254,0,4,0,
17-12-06,03:05:00,3:05:00 AM,2.734,0.288,3,0.994497477,245.27,11.2,0.012231418,0,3,0,
17-12-06,03:06:00,3:06:00 AM,2.002,0.214,4,0.994335429,245.79,9,0.016274055,0,4,0,
17-12-06,03:07:00,3:07:00 AM,0.472,0.144,3,0.95647733,247.11,2,0.012140342,0,3,0,
17-12-06,03:08:00,3:08:00 AM,0.876,0,4,0,244.7,5,0.016346547,0,4,0,
17-12-06,03:09:00,3:09:00 AM,2.324,0.046,0,0.999804167,243.24,9.4,0,0,0,0,
17-12-06,03:10:00,3:10:00 AM,2.342,0,0,0,243.46,9.6,0,0,0,0,
17-12-06,03:11:00,3:11:00 AM,2.326,0.046,0,0.999804504,243.57,9.4,0,0,0,0,
17-12-06,03:12:00,3:12:00 AM,0.302,0,0,0,246.19,2,0,0,0,0,
17-12-06,03:13:00,3:13:00 AM,0.208,0,0,0,247.17,0.8,0,0,0,0,
17-12-06,03:14:00,3:14:00 AM,2.022,0,0,0,245.69,8.8,0,0,0,0,
17-12-06,03:15:00,3:15:00 AM,2.356,0,0,0,245.08,9.6,0,0,0,0,
17-12-06,03:16:00,3:16:00 AM,2.346,0,1,0,243.7,9.6,0.004103406,0,1,0,
17-12-06,03:17:00,3:17:00 AM,2.24,0,0,0,243.92,9.2,0,0,0,0,
17-12-06,03:18:00,3:18:00 AM,0.224,0,0,0,245.54,1,0,0,0,0,
17-12-06,03:19:00,3:19:00 AM,0.424,0,0,0,244.88,3.2,0,0,0,0,
17-12-06,03:20:00,3:20:00 AM,2.344,0,0,0,243.27,9.6,0,0,0,0,
17-12-06,03:21:00,3:21:00 AM,2.308,0.048,0,0.999783808,242.65,9.4,0,0,0,0,
17-12-06,03:22:00,3:22:00 AM,2.338,0,1,0,243.29,9.6,0.004110321,0,1,0,
17-12-06,03:23:00,3:23:00 AM,1.48,0,0,0,243.73,7.4,0,0,0,0,
17-12-06,03:24:00,3:24:00 AM,0.222,0,0,0,245.29,1,0,0,0,0,
17-12-06,03:25:00,3:25:00 AM,0.82,0,0,0,245.38,5.2,0,0,0,0,
17-12-06,03:26:00,3:26:00 AM,2.352,0,0,0,243.84,9.6,0,0,0,0,
17-12-06,03:27:00,3:27:00 AM,2.312,0.048,0,0.999784555,242.8,9.4,0,0,0,0,
17-12-06,03:28:00,3:28:00 AM,2.324,0,1,0,242.52,9.6,0.004123371,0,1,0,
17-12-06,03:29:00,3:29:00 AM,0.232,0,0,0,244.9,1.4,0,0,0,0,
17-12-06,03:30:00,3:30:00 AM,0.342,0.12,0,0.943599982,244.81,1.6,0,0,0,0,
17-12-06,03:31:00,3:31:00 AM,1.94,0.098,0,0.998726531,243.8,8.8,0,0,0,0,
17-12-06,03:32:00,3:32:00 AM,2.456,0.098,0,0.999204853,244.03,10,0,0,0,0,
17-12-06,03:33:00,3:33:00 AM,2.448,0.096,0,0.999231951,244.73,10,0,0,0,0,
17-12-06,03:34:00,3:34:00 AM,1.838,0.108,1,0.998278117,244.66,8.4,0.004087305,0,1,0,
17-12-06,03:35:00,3:35:00 AM,0.32,0.13,0,0.926466577,246.4,1.4,0,0,0,0,
17-12-06,03:36:00,3:36:00 AM,1.154,0.116,0,0.994985838,245.5,6.4,0,0,0,0,
17-12-06,03:37:00,3:37:00 AM,2.442,0.096,0,0.999228176,243.49,10,0,0,0,0,
17-12-06,03:38:00,3:38:00 AM,2.41,0.09,0,0.999303426,243.08,9.8,0,0,0,0,
17-12-06,03:39:00,3:39:00 AM,2.282,0.096,0,0.999116299,243.17,9.6,0,0,0,0,
17-12-06,03:40:00,3:40:00 AM,0.32,0.126,0,0.930468476,244.44,1.6,0,0,0,0,
17-12-06,03:41:00,3:41:00 AM,0.812,0.224,1,0.963992618,244.05,4.8,0.004097521,0,1,0,
17-12-06,03:42:00,3:42:00 AM,2.446,0.138,0,0.998412258,242.72,10,0,0,0,0,
17-12-06,03:43:00,3:43:00 AM,2.426,0.066,0,0.999630142,243.81,9.8,0,0,0,0,
17-12-06,03:44:00,3:44:00 AM,2.41,0.062,0,0.999669247,244.12,9.8,0,0,0,0,
17-12-06,03:45:00,3:45:00 AM,0.436,0.096,0,0.976606849,245.64,2.8,0,0,0,0,
17-12-06,03:46:00,3:46:00 AM,0.492,0.088,0,0.984378074,245.18,3.2,0,0,0,0,
17-12-06,03:47:00,3:47:00 AM,2.424,0.064,1,0.999651632,243.7,9.8,0.004103406,0,1,0,
17-12-06,03:48:00,3:48:00 AM,2.392,0.058,0,0.999706159,243.41,9.8,0,0,0,0,
17-12-06,03:49:00,3:49:00 AM,2.382,0,0,0,243.42,9.8,0,0,0,0,
17-12-06,03:50:00,3:50:00 AM,0.754,0,0,0,245.53,4.8,0,0,0,0,
17-12-06,03:51:00,3:51:00 AM,0.412,0,0,0,246.54,3,0,0,0,0,
17-12-06,03:52:00,3:52:00 AM,2.354,0,0,0,244.63,9.6,0,0,0,0,
17-12-06,03:53:00,3:53:00 AM,2.412,0,1,0,244.59,9.8,0.004088475,0,1,0,
17-12-06,03:54:00,3:54:00 AM,2.426,0.082,2,0.999429252,244.42,9.8,0.008182636,0,2,0,
17-12-06,03:55:00,3:55:00 AM,1.384,0.1,2,0.997399832,244.64,7.2,0.008175278,0,2,0,
17-12-06,03:56:00,3:56:00 AM,0.292,0.11,1,0.935801307,245.31,1.2,0.004076475,0,1,0,
17-12-06,03:57:00,3:57:00 AM,1.33,0.098,2,0.997296323,243.78,7,0.008204118,0,2,0,
17-12-06,03:58:00,3:58:00 AM,2.396,0.076,1,0.999497315,242.57,9.8,0.004122521,0,1,0,
17-12-06,03:59:00,3:59:00 AM,2.422,0.082,2,0.999427367,243.16,9.8,0.008225037,0,2,0,
17-12-06,04:00:00,4:00:00 AM,2.402,0.076,1,0.999499821,243.18,9.8,0.00411218,0,1,0,
17-12-06,04:01:00,4:01:00 AM,0.43,0.112,2,0.967712799,245.02,2.6,0.008162599,0,2,0,
17-12-06,04:02:00,4:02:00 AM,0.666,0.104,2,0.988026172,244.9,4.2,0.008166599,0,2,0,
17-12-06,04:03:00,4:03:00 AM,2.42,0.08,1,0.999454037,242.77,9.8,0.004119125,0,1,0,
17-12-06,04:04:00,4:04:00 AM,2.39,0.074,2,0.999521011,242.47,9.8,0.008248443,0,2,0,
17-12-06,04:05:00,4:05:00 AM,2.446,0.12,1,0.998798741,242.14,10,0.004129842,0,1,0,
17-12-06,04:06:00,4:06:00 AM,0.978,0.248,2,0.969320785,245.15,5.6,0.00815827,0,2,0,
17-12-06,04:07:00,4:07:00 AM,0.4,0.254,1,0.844182497,245.86,1.8,0.004067355,0,1,0,
17-12-06,04:08:00,4:08:00 AM,2.432,0.222,2,0.995859574,243.47,10.2,0.008214564,0,2,0,
17-12-06,04:09:00,4:09:00 AM,2.5,0.214,1,0.996356332,243.36,10.2,0.004109139,0,1,0,
17-12-06,04:10:00,4:10:00 AM,2.52,0.22,2,0.996210862,243.54,10.4,0.008212203,0,2,0,
17-12-06,04:11:00,4:11:00 AM,0.788,0.246,1,0.954566157,245.68,4.8,0.004070335,0,1,0,
17-12-06,04:12:00,4:12:00 AM,0.402,0.256,2,0.843488649,245.69,2,0.008140339,0,2,0,
17-12-06,04:13:00,4:13:00 AM,2.238,0.216,1,0.995374741,243.21,9.6,0.004111673,0,1,0,
17-12-06,04:14:00,4:14:00 AM,2.512,0.22,2,0.996186827,243.49,10.2,0.00821389,0,2,0,
17-12-06,04:15:00,4:15:00 AM,2.486,0.212,1,0.996383582,243.2,10.2,0.004111842,0,1,0,
17-12-06,04:16:00,4:16:00 AM,1.936,0.23,1,0.993016916,244.12,8.8,0.004096346,0,1,0,
17-12-06,04:17:00,4:17:00 AM,0.376,0.256,2,0.826599248,246.45,1.8,0.008115236,0,2,0,
17-12-06,04:18:00,4:18:00 AM,0.908,0.078,1,0.996330626,245.71,5.2,0.004069838,0,1,0,
17-12-06,04:19:00,4:19:00 AM,2.336,0.046,0,0.999806173,243.86,9.4,0,0,0,0,
17-12-06,04:20:00,4:20:00 AM,2.346,0,0,0,243.5,9.6,0,0,0,0,
17-12-06,04:21:00,4:21:00 AM,2.328,0.046,0,0.999804839,243.62,9.4,0,0,0,0,
17-12-06,04:22:00,4:22:00 AM,1.708,0,0,0,243.73,8,0,0,0,0,
17-12-06,04:23:00,4:23:00 AM,0.206,0,0,0,245.17,0.8,0,0,0,0,
17-12-06,04:24:00,4:24:00 AM,0.516,0,1,0,245.13,3.6,0.004079468,0,1,0,
17-12-06,04:25:00,4:25:00 AM,2.426,0.06,0,0.999694303,243.67,9.8,0,0,0,0,
17-12-06,04:26:00,4:26:00 AM,2.43,0.066,0,0.999631358,244,9.8,0,0,0,0,
17-12-06,04:27:00,4:27:00 AM,2.424,0.06,0,0.999693798,243.6,9.8,0,0,0,0,
17-12-06,04:28:00,4:28:00 AM,2.306,0.064,0,0.999615089,242.93,9.6,0,0,0,0,
17-12-06,04:29:00,4:29:00 AM,0.288,0.088,0,0.956351571,245.08,1.2,0,0,0,0,
17-12-06,04:30:00,4:30:00 AM,0.756,0.092,5,0.992676632,245.69,3.8,0.020350849,0,0,5,
17-12-06,04:31:00,4:31:00 AM,3.498,0.05,19,0.999897858,242.83,14.4,0.078244039,0,0,19,
17-12-06,04:32:00,4:32:00 AM,3.522,0.054,19,0.999882483,242.92,14.4,0.07821505,0,1,18,
17-12-06,04:33:00,4:33:00 AM,3.46,0,19,0,243.03,14.2,0.078179649,0,0,19,
17-12-06,04:34:00,4:34:00 AM,3.434,0.05,18,0.999894016,242.95,14,0.074089319,0,0,18,
17-12-06,04:35:00,4:35:00 AM,1.646,0,19,0,245.6,7.4,0.077361564,0,0,19,
17-12-06,04:36:00,4:36:00 AM,1.336,0,18,0,245.94,5.4,0.073188583,0,0,18,
17-12-06,04:37:00,4:37:00 AM,2.874,0,19,0,244.16,12.4,0.077817824,0,1,18,
17-12-06,04:38:00,4:38:00 AM,3.41,0.056,19,0.999865182,243.04,14,0.078176432,0,0,19,
17-12-06,04:39:00,4:39:00 AM,3.412,0.052,18,0.999883886,242.49,14,0.074229865,0,0,18,
17-12-06,04:40:00,4:40:00 AM,3.386,0.056,18,0.999863264,242.22,13.8,0.074312608,0,0,18,
17-12-06,04:41:00,4:41:00 AM,1.844,0.048,18,0.999661382,244.07,8.2,0.073749334,0,0,18,
17-12-06,04:42:00,4:42:00 AM,1.414,0.106,18,0.997201939,244.55,5.8,0.07360458,0,0,18,
17-12-06,04:43:00,4:43:00 AM,3.352,0.086,19,0.999671039,242.89,14,0.078224711,0,1,18,
17-12-06,04:44:00,4:44:00 AM,3.5,0.08,18,0.999738878,242.65,14.4,0.074180919,0,0,18,
17-12-06,04:45:00,4:45:00 AM,3.516,0.084,18,0.999714737,242.63,14.4,0.074187034,0,0,18,
17-12-06,04:46:00,4:46:00 AM,3.174,0.084,18,0.999649985,243.15,13.4,0.074028378,0,0,18,
17-12-06,04:47:00,4:47:00 AM,1.428,0.114,19,0.996828582,245.1,5.8,0.07751938,0,0,19,
17-12-06,04:48:00,4:48:00 AM,1.994,0.1,18,0.998744833,244.15,9,0.073725169,0,0,18,
17-12-06,04:49:00,4:49:00 AM,3.492,0.082,19,0.999724406,241.83,14.4,0.078567589,0,1,18,
17-12-06,04:50:00,4:50:00 AM,3.46,0.076,18,0.99975885,241.53,14.2,0.074524904,0,0,18,
17-12-06,04:51:00,4:51:00 AM,3.492,0.082,18,0.999724406,242.06,14.4,0.074361728,0,0,18,
17-12-06,04:52:00,4:52:00 AM,3.482,0.08,18,0.999736172,242.39,14.2,0.074260489,0,0,18,
17-12-06,04:53:00,4:53:00 AM,1.492,0.104,18,0.997579417,245.95,6.2,0.073185607,0,0,18,
17-12-06,04:54:00,4:54:00 AM,1.326,0,19,0,246.55,5.4,0.077063476,0,0,19,
17-12-06,04:55:00,4:55:00 AM,3.282,0.046,19,0.999901793,243.76,13.6,0.07794552,0,1,18,
17-12-06,04:56:00,4:56:00 AM,3.422,0.054,18,0.999875515,243.58,14,0.073897693,0,0,18,
17-12-06,04:57:00,4:57:00 AM,3.424,0.05,18,0.999893396,242.95,14,0.074089319,0,0,18,
17-12-06,04:58:00,4:58:00 AM,3.254,0.054,18,0.999862332,242.7,13.4,0.074165637,0,0,18,
17-12-06,04:59:00,4:59:00 AM,1.32,0,18,0,244.27,5.4,0.073688951,0,0,18,
17-12-06,05:00:00,5:00:00 AM,2.294,0,19,0,243.14,10.4,0.078144279,0,0,19,
17-12-06,05:01:00,5:01:00 AM,3.4,0.052,17,0.999883065,242.01,14,0.070245031,0,0,17,
17-12-06,05:02:00,5:02:00 AM,3.402,0.056,18,0.999864547,242.73,14,0.07415647,0,0,18,
17-12-06,05:03:00,5:03:00 AM,3.418,0.05,19,0.999893022,242.7,14,0.07828595,0,1,18,
17-12-06,05:04:00,5:04:00 AM,2.994,0.05,19,0.999860583,243.77,12.6,0.077942323,0,0,19,
17-12-06,05:05:00,5:05:00 AM,1.326,0,18,0,244.66,5.4,0.073571487,0,0,18,
17-12-06,05:06:00,5:06:00 AM,2.02,0,18,0,243.62,9.2,0.073885559,0,0,18,
17-12-06,05:07:00,5:07:00 AM,3.378,0.056,18,0.999862616,241.41,14,0.074561949,0,0,18,
17-12-06,05:08:00,5:08:00 AM,3.372,0.054,19,0.999871797,240.91,14,0.078867627,0,1,18,
17-12-06,05:09:00,5:09:00 AM,3.374,0.046,17,0.999907074,240.82,14,0.070592144,0,0,17,
17-12-06,05:10:00,5:10:00 AM,3.426,0.046,18,0.999909874,240.23,14.2,0.074928194,0,0,18,
17-12-06,05:11:00,5:11:00 AM,1.462,0.066,18,0.998982581,242.12,6.2,0.074343301,0,0,18,
17-12-06,05:12:00,5:12:00 AM,1.834,0.07,18,0.999272399,242.93,8.4,0.074095418,0,0,18,
17-12-06,05:13:00,5:13:00 AM,3.462,0.046,18,0.999911738,242.13,14.2,0.07434023,0,0,18,
17-12-06,05:14:00,5:14:00 AM,3.486,0.054,19,0.999880043,242.49,14.2,0.078353747,0,1,18,
17-12-06,05:15:00,5:15:00 AM,2.91,0.056,9,0.999814886,243.69,12,0.036932168,0,0,9,
17-12-06,05:16:00,5:16:00 AM,0.936,0.09,0,0.995409029,245.93,5.4,0,0,0,0,
17-12-06,05:17:00,5:17:00 AM,0.338,0.152,0,0.912022453,246.45,1.6,0,0,0,0,
17-12-06,05:18:00,5:18:00 AM,1.926,0.136,0,0.99751621,244.33,8.8,0,0,0,0,
17-12-06,05:19:00,5:19:00 AM,2.42,0.088,0,0.999339498,242.87,9.8,0,0,0,0,
17-12-06,05:20:00,5:20:00 AM,2.438,0.094,1,0.999257538,243.06,10,0.00411421,0,1,0,
17-12-06,05:21:00,5:21:00 AM,2.43,0.092,0,0.999284077,243.67,9.8,0,0,0,0,
17-12-06,05:22:00,5:22:00 AM,2.454,0.098,0,0.999203558,244.05,10,0,0,0,0,
17-12-06,05:23:00,5:23:00 AM,0.424,0.126,0,0.95856973,246.26,2.6,0,0,0,0,
17-12-06,05:24:00,5:24:00 AM,0.716,0.128,0,0.984393568,246.23,4.4,0,0,0,0,
17-12-06,05:25:00,5:25:00 AM,2.462,0.098,0,0.99920872,245.16,10,0,0,0,0,
17-12-06,05:26:00,5:26:00 AM,2.46,0.1,1,0.999174795,244.25,10,0.004094166,0,1,0,
17-12-06,05:27:00,5:27:00 AM,2.418,0.09,0,0.999308023,243.19,9.8,0,0,0,0,
17-12-06,05:28:00,5:28:00 AM,1,0.112,0,0.993786397,243.77,5.8,0,0,0,0,
17-12-06,05:29:00,5:29:00 AM,0.298,0.118,0,0.929762118,244.73,1.2,0,0,0,0,
17-12-06,05:30:00,5:30:00 AM,1.65,0,0,0,243.03,7.8,0,0,0,0,
17-12-06,05:31:00,5:31:00 AM,2.31,0.048,0,0.999784182,242.67,9.4,0,0,0,0,
17-12-06,05:32:00,5:32:00 AM,2.332,0,1,0,242.87,9.6,0.004117429,0,1,0,
17-12-06,05:33:00,5:33:00 AM,2.242,0.046,0,0.999789585,243.03,9.2,0,0,0,0,
17-12-06,05:34:00,5:34:00 AM,0.224,0,0,0,244.96,1,0,0,0,0,
17-12-06,05:35:00,5:35:00 AM,0.752,0,0,0,244.5,4.8,0,0,0,0,
17-12-06,05:36:00,5:36:00 AM,2.33,0,0,0,242.56,9.6,0,0,0,0,
17-12-06,05:37:00,5:37:00 AM,2.322,0,0,0,242.61,9.4,0,0,0,0,
17-12-06,05:38:00,5:38:00 AM,2.312,0.048,0,0.999784555,242.19,9.4,0,0,0,0,
17-12-06,05:39:00,5:39:00 AM,0.76,0,1,0,243.74,4.8,0.004102732,0,1,0,
17-12-06,05:40:00,5:40:00 AM,0.364,0,0,0,244.4,2.6,0,0,0,0,
17-12-06,05:41:00,5:41:00 AM,2.336,0,0,0,242.39,9.6,0,0,0,0,
17-12-06,05:42:00,5:42:00 AM,2.312,0.048,0,0.999784555,242.51,9.4,0,0,0,0,
17-12-06,05:43:00,5:43:00 AM,2.332,0,0,0,242.61,9.6,0,0,0,0,
17-12-06,05:44:00,5:44:00 AM,0.856,0,0,0,243.82,5.2,0,0,0,0,
17-12-06,05:45:00,5:45:00 AM,0.864,0,1,0,243.55,5.4,0.004105933,0,1,0,
17-12-06,05:46:00,5:46:00 AM,2.302,0.05,0,0.999764199,242.22,9.4,0,0,0,0,
17-12-06,05:47:00,5:47:00 AM,2.324,0,0,0,242.6,9.6,0,0,0,0,
17-12-06,05:48:00,5:48:00 AM,1.852,0,0,0,243.74,8.4,0,0,0,0,
17-12-06,05:49:00,5:49:00 AM,0.226,0,0,0,247.08,1,0,0,0,0,
17-12-06,05:50:00,5:50:00 AM,2.184,0,0,0,244.99,9.2,0,0,0,0,
17-12-06,05:51:00,5:51:00 AM,2.38,0,1,0,245.62,9.6,0.00407133,0,1,0,
17-12-06,05:52:00,5:52:00 AM,1.92,0,0,0,245.71,8.6,0,0,0,0,
17-12-06,05:53:00,5:53:00 AM,0.254,0,0,0,246.97,1.2,0,0,0,0,
17-12-06,05:54:00,5:54:00 AM,2.164,0.098,0,0.998976141,244.63,9.2,0,0,0,0,
17-12-06,05:55:00,5:55:00 AM,2.554,0.188,0,0.997301743,244.72,10.4,0,0,0,0,
17-12-06,05:56:00,5:56:00 AM,2.026,0.212,0,0.994569821,245.14,9,0,0,0,0,
17-12-06,05:57:00,5:57:00 AM,0.414,0.244,1,0.861505953,246.58,2,0.004055479,0,1,0,
17-12-06,05:58:00,5:58:00 AM,2.106,0.206,0,0.995250096,244.28,9.2,0,0,0,0,
17-12-06,05:59:00,5:59:00 AM,2.522,0.202,0,0.996807734,243.58,10.4,0,0,0,0,
17-12-06,06:00:00,6:00:00 AM,2.076,0.206,0,0.995112836,244.36,9.2,0,0,0,0,
17-12-06,06:01:00,6:01:00 AM,0.402,0.238,0,0.860500083,245.77,1.8,0,0,0,0,
17-12-06,06:02:00,6:02:00 AM,2.118,0.204,0,0.995393517,243.95,9.2,0,0,0,0,
17-12-06,06:03:00,6:03:00 AM,2.486,0.176,1,0.997503312,243.01,10.2,0.004115057,0,1,0,
17-12-06,06:04:00,6:04:00 AM,1.34,0.2,1,0.989044367,245.34,7,0.004075976,0,1,0,
17-12-06,06:05:00,6:05:00 AM,0.666,0.258,1,0.932476839,246,4,0.004065041,0,1,0,
17-12-06,06:06:00,6:06:00 AM,2.44,0.11,2,0.998985354,243.7,10,0.008206812,0,2,0,
17-12-06,06:07:00,6:07:00 AM,2.426,0.082,2,0.999429252,243.53,9.8,0.008212541,0,2,0,
17-12-06,06:08:00,6:08:00 AM,1.278,0.096,1,0.997190574,243.92,6.8,0.004099705,0,1,0,
17-12-06,06:09:00,6:09:00 AM,0.43,0.106,2,0.970934199,244.99,2.8,0.008163599,0,2,0,
17-12-06,06:10:00,6:10:00 AM,2.426,0.08,1,0.999456732,243.06,10,0.00411421,0,1,0,
17-12-06,06:11:00,6:11:00 AM,2.382,0.072,2,0.999543486,241.95,9.8,0.008266171,0,2,0,
17-12-06,06:12:00,6:12:00 AM,2.406,0.078,2,0.99947492,242.35,9.8,0.008252527,0,2,0,
17-12-06,06:13:00,6:13:00 AM,0.33,0.106,1,0.95208858,244.82,1.8,0.004084634,0,1,0,
17-12-06,06:14:00,6:14:00 AM,1.208,0.098,2,0.996725455,243.99,6.6,0.008197057,0,2,0,
17-12-06,06:15:00,6:15:00 AM,2.406,0.076,1,0.999501482,242.91,9.8,0.004116751,0,1,0,
17-12-06,06:16:00,6:16:00 AM,2.442,0.086,2,0.999380456,242.84,10,0.008235875,0,2,0,
17-12-06,06:17:00,6:17:00 AM,2.426,0.082,1,0.999429252,243.09,10,0.004113703,0,1,0,
17-12-06,06:18:00,6:18:00 AM,2.432,0.084,2,0.999404046,242.41,10,0.008250485,0,2,0,
17-12-06,06:19:00,6:19:00 AM,2.414,0.08,1,0.999451322,242.63,9.8,0.004121502,0,1,0,
17-12-06,06:20:00,6:20:00 AM,0.484,0.116,2,0.972460206,244.86,2.4,0.008167933,0,2,0,
17-12-06,06:21:00,6:21:00 AM,0.312,0.112,1,0.941194671,245.05,1.4,0.0040808,0,1,0,
17-12-06,06:22:00,6:22:00 AM,2.352,0.088,2,0.999300794,243.36,9.8,0.008218277,0,2,0,
17-12-06,06:23:00,6:23:00 AM,2.428,0.084,1,0.999402082,243.66,9.8,0.004104079,0,1,0,
17-12-06,06:24:00,6:24:00 AM,2.582,0.092,2,0.999365809,244.02,10.6,0.00819605,0,2,0,
17-12-06,06:25:00,6:25:00 AM,2.784,0.086,1,0.99952322,243.85,11.4,0.004100882,0,1,0,
17-12-06,06:26:00,6:26:00 AM,2.68,0.09,1,0.999436598,243.73,11,0.004102901,0,1,0,
17-12-06,06:27:00,6:27:00 AM,1.42,0.098,2,0.997627002,244.93,7,0.008165598,0,2,0,
17-12-06,06:28:00,6:28:00 AM,0.908,0.088,1,0.995336443,244.83,3.8,0.004084467,0,1,0,
17-12-06,06:29:00,6:29:00 AM,3.194,0.048,0,0.999887096,242.05,13.2,0,0,0,0,
17-12-06,06:30:00,6:30:00 AM,3.328,0.094,0,0.999601343,241.89,13.6,0,0,0,0,
17-12-06,06:31:00,6:31:00 AM,2.67,0.094,0,0.999380845,242.62,11.6,0,0,0,0,
17-12-06,06:32:00,6:32:00 AM,1.238,0.124,1,0.995021262,244.76,5,0.004085635,0,1,0,
17-12-06,06:33:00,6:33:00 AM,1.12,0.116,0,0.994679248,244.4,4.6,0,0,0,0,
17-12-06,06:34:00,6:34:00 AM,0.592,0.128,0,0.977414165,245.39,2.6,0,0,0,0,
17-12-06,06:35:00,6:35:00 AM,0.8,0.122,0,0.988570843,245.94,3.2,0,0,0,0,
17-12-06,06:36:00,6:36:00 AM,0.82,0.126,0,0.988399551,245.84,3.4,0,0,0,0,
17-12-06,06:37:00,6:37:00 AM,0.796,0.116,0,0.989547769,244.5,3.2,0,0,0,0,
17-12-06,06:38:00,6:38:00 AM,0.798,0.116,1,0.989599282,244.02,3.2,0.004098025,0,1,0,
17-12-06,06:39:00,6:39:00 AM,0.694,0.12,0,0.985378023,244.13,2.8,0,0,0,0,
17-12-06,06:40:00,6:40:00 AM,0.694,0.136,0,0.981334685,244.35,3,0,0,0,0,
17-12-06,06:41:00,6:41:00 AM,0.758,0.228,0,0.957617407,244.3,3.2,0,0,0,0,
17-12-06,06:42:00,6:42:00 AM,0.682,0.14,0,0.979573692,244.14,2.8,0,0,0,0,
17-12-06,06:43:00,6:43:00 AM,0.664,0.09,1,0.990938823,244.49,2.6,0.004090147,0,1,0,
17-12-06,06:44:00,6:44:00 AM,0.642,0.084,0,0.991548658,244.14,2.6,0,0,0,0,
17-12-06,06:45:00,6:45:00 AM,0.66,0.088,0,0.991227901,243.94,2.6,0,0,0,0,
17-12-06,06:46:00,6:46:00 AM,0.636,0.082,0,0.991790631,243.58,2.6,0,0,0,0,
17-12-06,06:47:00,6:47:00 AM,0.66,0.09,0,0.990830168,244.64,2.6,0,0,0,0,
17-12-06,06:48:00,6:48:00 AM,0.638,0.084,0,0.991443714,244.26,2.6,0,0,0,0,
17-12-06,06:49:00,6:49:00 AM,0.478,0.092,1,0.981977129,244.46,2,0.004090649,0,1,0,
17-12-06,06:50:00,6:50:00 AM,0.316,0,0,0,245.54,1.2,0,0,0,0,
17-12-06,06:51:00,6:51:00 AM,0.33,0,0,0,246.01,1.4,0,0,0,0,
17-12-06,06:52:00,6:52:00 AM,0.38,0,0,0,245.94,1.6,0,0,0,0,
17-12-06,06:53:00,6:53:00 AM,0.522,0,0,0,245.22,2.2,0,0,0,0,
17-12-06,06:54:00,6:54:00 AM,0.422,0,0,0,244.45,1.8,0,0,0,0,
17-12-06,06:55:00,6:55:00 AM,0.262,0,1,0,243.96,1.2,0.004099033,0,1,0,
17-12-06,06:56:00,6:56:00 AM,0.22,0,0,0,243.39,1,0,0,0,0,
17-12-06,06:57:00,6:57:00 AM,0.246,0,0,0,244.35,1,0,0,0,0,
17-12-06,06:58:00,6:58:00 AM,0.212,0,0,0,244.26,0.8,0,0,0,0,
17-12-06,06:59:00,6:59:00 AM,0.242,0,0,0,244.62,1,0,0,0,0,
17-12-06,07:00:00,7:00:00 AM,0.222,0,0,0,244.67,1,0,0,0,0,
17-12-06,07:01:00,7:01:00 AM,0.24,0,1,0,244.23,1,0.004094501,0,1,0,
17-12-06,07:02:00,7:02:00 AM,0.216,0,0,0,244.87,1,0,0,0,0,
17-12-06,07:03:00,7:03:00 AM,0.228,0,0,0,243.64,1,0,0,0,0,
17-12-06,07:04:00,7:04:00 AM,0.21,0,0,0,242.49,0.8,0,0,0,0,
17-12-06,07:05:00,7:05:00 AM,0.276,0,0,0,242.25,1.4,0,0,0,0,
17-12-06,07:06:00,7:06:00 AM,0.322,0.104,0,0.951597141,242.08,1.4,0,0,0,0,
17-12-06,07:07:00,7:07:00 AM,0.336,0.108,0,0.952028561,241.89,1.4,0,0,0,0,
17-12-06,07:08:00,7:08:00 AM,0.318,0.108,0,0.946881589,242.08,1.4,0,0,0,0,
17-12-06,07:09:00,7:09:00 AM,0.314,0.11,1,0.943764602,242.57,1.4,0.004122521,0,1,0,
17-12-06,07:10:00,7:10:00 AM,0.328,0.114,0,0.944574471,243.04,1.4,0,0,0,0,
17-12-06,07:11:00,7:11:00 AM,0.308,0.108,0,0.943667134,242.59,1.4,0,0,0,0,
17-12-06,07:12:00,7:12:00 AM,0.326,0.112,0,0.945742326,242.55,1.4,0,0,0,0,
17-12-06,07:13:00,7:13:00 AM,0.304,0.108,0,0.942301629,242.8,1.4,0,0,0,0,
17-12-06,07:14:00,7:14:00 AM,2.206,0.086,1,0.999240966,240.97,9.4,0.004149894,0,1,0,
17-12-06,07:15:00,7:15:00 AM,2.338,0.072,0,0.999526154,239.16,9.6,0,0,0,0,
17-12-06,07:16:00,7:16:00 AM,2.362,0.076,0,0.99948275,239.21,9.8,0,0,0,0,
17-12-06,07:17:00,7:17:00 AM,2.356,0.074,0,0.999507097,239.79,9.8,0,0,0,0,
17-12-06,07:18:00,7:18:00 AM,2.324,0,0,0,239.78,9.6,0,0,0,0,
17-12-06,07:19:00,7:19:00 AM,2.264,0.056,0,0.999694231,239.92,9.4,0,0,0,0,
17-12-06,07:20:00,7:20:00 AM,2.28,0.052,1,0.999740021,240.03,9.4,0.004166146,0,1,0,
17-12-06,07:21:00,7:21:00 AM,2.258,0.056,0,0.999692604,239.9,9.4,0,0,0,0,
17-12-06,07:22:00,7:22:00 AM,2.306,0.048,0,0.999783433,241.23,9.4,0,0,0,0,
17-12-06,07:23:00,7:23:00 AM,2.288,0.054,0,0.999721603,241.35,9.4,0,0,0,0,
17-12-06,07:24:00,7:24:00 AM,2.3,0.048,0,0.999782302,241.01,9.4,0,0,0,0,
17-12-06,07:25:00,7:25:00 AM,2.346,0,0,0,241.57,9.6,0,0,0,0,
17-12-06,07:26:00,7:26:00 AM,2.378,0.054,1,0.999742269,241.27,9.8,0.004144734,0,1,0,
17-12-06,07:27:00,7:27:00 AM,2.346,0.048,0,0.999790753,240.92,9.6,0,0,0,0,
17-12-06,07:28:00,7:28:00 AM,2.35,0.05,0,0.99977373,240.04,9.8,0,0,0,0,
17-12-06,07:29:00,7:29:00 AM,2.326,0,0,0,239.39,9.6,0,0,0,0,
17-12-06,07:30:00,7:30:00 AM,2.336,0.048,0,0.999788958,238.93,9.6,0,0,0,0,
17-12-06,07:31:00,7:31:00 AM,2.326,0,0,0,239.46,9.6,0,0,0,0,
17-12-06,07:32:00,7:32:00 AM,0.504,0.08,1,0.987635528,242.27,3.2,0.004127626,0,1,0,
17-12-06,07:33:00,7:33:00 AM,0.268,0.076,0,0.962063933,242.22,1.2,0,0,0,0,
17-12-06,07:34:00,7:34:00 AM,1.734,0,0,0,242.55,8,0,0,0,0,
17-12-06,07:35:00,7:35:00 AM,2.318,0.05,0,0.999767442,242.88,9.4,0,0,0,0,
17-12-06,07:36:00,7:36:00 AM,2.322,0.046,0,0.99980383,242.18,9.6,0,0,0,0,
17-12-06,07:37:00,7:37:00 AM,2.302,0.052,0,0.999744965,242.16,9.4,0,0,0,0,
17-12-06,07:38:00,7:38:00 AM,2.318,0.046,1,0.999803152,241.97,9.4,0.004132744,0,1,0,
17-12-06,07:39:00,7:39:00 AM,2.302,0.05,0,0.999764199,241.71,9.4,0,0,0,0,
17-12-06,07:40:00,7:40:00 AM,2.29,0.052,0,0.999742286,241.53,9.4,0,0,0,0,
17-12-06,07:41:00,7:41:00 AM,2.376,0,0,0,241.3,9.8,0,0,0,0,
17-12-06,07:42:00,7:42:00 AM,0.368,0.114,0,0.955216037,244.31,2,0,0,0,0,
17-12-06,07:43:00,7:43:00 AM,0.332,0.124,0,0.936792196,244.83,1.4,0,0,0,0,
17-12-06,07:44:00,7:44:00 AM,1.734,0.096,0,0.998470965,243.37,8.2,0,0,0,0,
17-12-06,07:45:00,7:45:00 AM,2.416,0.088,1,0.999337311,242.04,10,0.004131549,0,1,0,
17-12-06,07:46:00,7:46:00 AM,2.4,0.084,0,0.999388062,242.24,9.8,0,0,0,0,
17-12-06,07:47:00,7:47:00 AM,2.418,0.088,0,0.999338406,242.1,10,0,0,0,0,
17-12-06,07:48:00,7:48:00 AM,2.388,0.082,0,0.999410959,241.56,9.8,0,0,0,0,
17-12-06,07:49:00,7:49:00 AM,2.406,0.086,0,0.999361796,241.57,9.8,0,0,0,0,
17-12-06,07:50:00,7:50:00 AM,2.378,0.08,0,0.999434597,241.33,9.8,0,0,0,0,
17-12-06,07:51:00,7:51:00 AM,1.164,0.108,1,0.995723204,243.28,6.4,0.00411049,0,1,0,
17-12-06,07:52:00,7:52:00 AM,0.3,0.118,0,0.930600599,244.95,1.2,0,0,0,0,
17-12-06,07:53:00,7:53:00 AM,0.7,0.12,0,0.985622255,244.83,4.4,0,0,0,0,
17-12-06,07:54:00,7:54:00 AM,2.376,0,0,0,242.85,9.8,0,0,0,0,
17-12-06,07:55:00,7:55:00 AM,2.32,0.046,0,0.999803491,242.06,9.6,0,0,0,0,
17-12-06,07:56:00,7:56:00 AM,2.278,0.054,0,0.999719155,241.04,9.4,0,0,0,0,
17-12-06,07:57:00,7:57:00 AM,2.28,0.05,1,0.999759628,240.31,9.4,0.004161292,0,1,0,
17-12-06,07:58:00,7:58:00 AM,2.278,0.054,0,0.999719155,240.95,9.4,0,0,0,0,
17-12-06,07:59:00,7:59:00 AM,2.294,0.05,0,0.999762552,240.67,9.4,0,0,0,0,
17-12-06,08:00:00,8:00:00 AM,2.28,0.056,0,0.999698505,240.9,9.4,0,0,0,0,
17-12-06,08:01:00,8:01:00 AM,2.3,0.05,0,0.999763789,240.97,9.4,0,0,0,0,
17-12-06,08:02:00,8:02:00 AM,0.21,0,0,0,243.21,1.2,0,0,0,0,
17-12-06,08:03:00,8:03:00 AM,0.216,0,1,0,243.6,1,0.00410509,0,1,0,
17-12-06,08:04:00,8:04:00 AM,2.256,0.052,0,0.999734463,241.99,9.4,0,0,0,0,
17-12-06,08:05:00,8:05:00 AM,2.312,0.048,0,0.999784555,241.62,9.4,0,0,0,0,
17-12-06,08:06:00,8:06:00 AM,2.288,0.052,0,0.999741836,241.37,9.4,0,0,0,0,
17-12-06,08:07:00,8:07:00 AM,2.308,0.048,0,0.999783808,241.44,9.4,0,0,0,0,
17-12-06,08:08:00,8:08:00 AM,2.272,0.054,0,0.99971767,240.62,9.4,0,0,0,0,
17-12-06,08:09:00,8:09:00 AM,2.354,0,1,0,241.27,9.6,0.004144734,0,1,0,
17-12-06,08:10:00,8:10:00 AM,0.616,0.084,0,0.990830168,243.88,4,0,0,0,0,
17-12-06,08:11:00,8:11:00 AM,0.282,0.082,0,0.9602285,243.68,1.2,0,0,0,0,
17-12-06,08:12:00,8:12:00 AM,1.78,0.06,0,0.999432374,241.11,8.4,0,0,0,0,
17-12-06,08:13:00,8:13:00 AM,2.348,0.048,0,0.999791109,240.67,9.6,0,0,0,0,
17-12-06,08:14:00,8:14:00 AM,2.368,0.054,1,0.999740089,241.1,9.8,0.004147657,0,1,0,
17-12-06,08:15:00,8:15:00 AM,2.362,0.052,0,0.999757753,241.84,9.6,0,0,0,0,
17-12-06,08:16:00,8:16:00 AM,2.378,0.056,0,0.999722833,241.48,9.8,0,0,0,0,
17-12-06,08:17:00,8:17:00 AM,2.43,0.134,0,0.998483027,240.97,10,0,0,0,0,
17-12-06,08:18:00,8:18:00 AM,2.512,0.256,2,0.994847194,239.37,10.4,0.008355266,0,2,0,
17-12-06,08:19:00,8:19:00 AM,0.616,0.226,1,0.93881062,241.48,3.8,0.00414113,0,1,0,
17-12-06,08:20:00,8:20:00 AM,0.398,0.234,2,0.862045554,241.86,1.8,0.008269247,0,2,0,
17-12-06,08:21:00,8:21:00 AM,1.528,0.212,1,0.990511892,241.11,7.6,0.004147485,0,1,0,
17-12-06,08:22:00,8:22:00 AM,2.484,0.208,2,0.996512478,241.06,10.2,0.00829669,0,2,0,
17-12-06,08:23:00,8:23:00 AM,2.462,0.202,1,0.996651034,241.06,10.2,0.004148345,0,1,0,
17-12-06,08:24:00,8:24:00 AM,2.502,0.214,2,0.996362123,242.36,10.2,0.008252187,0,2,0,
17-12-06,08:25:00,8:25:00 AM,2.484,0.21,1,0.996445447,242.66,10.2,0.004120992,0,1,0,
17-12-06,08:26:00,8:26:00 AM,2.486,0.212,2,0.996383582,242.06,10.2,0.008262414,0,2,0,
17-12-06,08:27:00,8:27:00 AM,2.04,0.214,2,0.994542788,242.4,9,0.008250825,0,2,0,
17-12-06,08:28:00,8:28:00 AM,0.402,0.246,1,0.852966983,244.02,2,0.004098025,0,1,0,
17-12-06,08:29:00,8:29:00 AM,0.38,0.24,2,0.845488903,243.78,1.8,0.008204118,0,2,0,
17-12-06,08:30:00,8:30:00 AM,1.876,0.196,1,0.994586493,241.39,8.6,0.004142674,0,1,0,
17-12-06,08:31:00,8:31:00 AM,2.36,0.068,2,0.999585148,241.03,9.8,0.008297722,0,2,0,
17-12-06,08:32:00,8:32:00 AM,2.364,0.07,1,0.999561887,240.69,9.8,0.004154722,0,1,0,
17-12-06,08:33:00,8:33:00 AM,2.336,0.064,2,0.999624906,240.11,9.6,0.008329516,0,2,0,
17-12-06,08:34:00,8:34:00 AM,2.352,0.068,1,0.999582323,239.68,9.8,0.00417223,0,1,0,
17-12-06,08:35:00,8:35:00 AM,2.34,0.064,2,0.999626187,240.17,9.6,0.008327435,0,2,0,
17-12-06,08:36:00,8:36:00 AM,2.36,0.07,1,0.999560402,240.34,9.8,0.004160772,0,1,0,
17-12-06,08:37:00,8:37:00 AM,0.914,0.088,1,0.995397049,242.65,5.4,0.004121162,0,1,0,
17-12-06,08:38:00,8:38:00 AM,0.29,0.104,2,0.941300488,243.51,1.2,0.008213215,0,2,0,
17-12-06,08:39:00,8:39:00 AM,1.058,0.09,1,0.996401393,243.08,6,0.004113872,0,1,0,
17-12-06,08:40:00,8:40:00 AM,2.374,0.07,2,0.999565568,241.42,9.8,0.008284318,0,2,0,
17-12-06,08:41:00,8:41:00 AM,2.388,0.076,1,0.999493944,241.94,9.8,0.004133256,0,1,0,
17-12-06,08:42:00,8:42:00 AM,2.358,0,1,0,242.68,9.6,0.004120653,0,1,0,
17-12-06,08:43:00,8:43:00 AM,2.294,0.05,1,0.999762552,241.02,9.4,0.004149033,0,1,0,
17-12-06,08:44:00,8:44:00 AM,2.278,0.054,0,0.999719155,241.32,9.4,0,0,0,0,
17-12-06,08:45:00,8:45:00 AM,2.28,0.05,0,0.999759628,240.08,9.4,0,0,0,0,
17-12-06,08:46:00,8:46:00 AM,0.268,0,0,0,241.7,1.8,0,0,0,0,
17-12-06,08:47:00,8:47:00 AM,0.222,0,0,0,242.47,1,0,0,0,0,
17-12-06,08:48:00,8:48:00 AM,1.622,0.046,0,0.999598096,241.27,7.8,0,0,0,0,
17-12-06,08:49:00,8:49:00 AM,2.296,0.048,1,0.999781543,241.03,9.4,0.004148861,0,1,0,
17-12-06,08:50:00,8:50:00 AM,2.278,0.054,0,0.999719155,241.14,9.4,0,0,0,0,
17-12-06,08:51:00,8:51:00 AM,2.296,0.05,0,0.999762965,240.7,9.4,0,0,0,0,
17-12-06,08:52:00,8:52:00 AM,2.26,0.056,0,0.999693148,239.73,9.4,0,0,0,0,
17-12-06,08:53:00,8:53:00 AM,2.94,0.218,0,0.997262198,238.57,12.4,0,0,0,0,
17-12-06,08:54:00,8:54:00 AM,2.792,0.17,0,0.998151449,238.51,11.6,0,0,0,0,
17-12-06,08:55:00,8:55:00 AM,1.158,0.248,1,0.977827122,239.96,6,0.004167361,0,1,0,
17-12-06,08:56:00,8:56:00 AM,0.932,0.398,0,0.919654648,240.25,4.2,0,0,0,0,
17-12-06,08:57:00,8:57:00 AM,2.514,0.368,0,0.989455562,239.1,11.2,0,0,0,0,
17-12-06,08:58:00,8:58:00 AM,2.984,0.334,1,0.993794057,239.27,12.4,0.004179379,0,1,0,
17-12-06,08:59:00,8:59:00 AM,2.996,0.338,1,0.993696263,238.94,12.6,0.004185151,0,1,0,
17-12-06,09:00:00,9:00:00 AM,2.94,0.31,1,0.994486902,239.09,12.2,0.004182525,0,1,0,
17-12-06,09:01:00,9:01:00 AM,3.278,0.158,7,0.998840394,239.63,14.2,0.029211701,0,7,0,
17-12-06,09:02:00,9:02:00 AM,5.908,0.134,38,0.999742883,237.9,25.4,0.159730979,0,38,0,
17-12-06,09:03:00,9:03:00 AM,7.064,0.124,37,0.999845968,235.57,30,0.15706584,0,37,0,
17-12-06,09:04:00,9:04:00 AM,6.926,0.118,37,0.999854898,235.35,29.4,0.157212662,0,37,0,
17-12-06,09:05:00,9:05:00 AM,6.58,0.056,38,0.999963786,235.15,28.2,0.161598979,0,38,0,
17-12-06,09:06:00,9:06:00 AM,6.05,0,37,0,235.22,26.2,0.157299549,0,37,0,
17-12-06,09:07:00,9:07:00 AM,6.104,0.05,37,0.999966453,235.32,25.8,0.157232704,0,37,0,
17-12-06,09:08:00,9:08:00 AM,4.762,0.088,38,0.999829295,237.44,20,0.160040431,0,38,0,
17-12-06,09:09:00,9:09:00 AM,4.506,0.088,38,0.999809354,237.25,19,0.160168599,0,38,0,
17-12-06,09:10:00,9:10:00 AM,4.472,0.088,37,0.999806444,236.34,18.8,0.156554117,0,37,0,
17-12-06,09:11:00,9:11:00 AM,3.708,0.084,27,0.999743503,236.82,16.2,0.114010641,0,27,0,
17-12-06,09:12:00,9:12:00 AM,0.724,0.054,2,0.997230043,240.88,4.6,0.008302889,0,2,0,
17-12-06,09:13:00,9:13:00 AM,1.892,0.066,26,0.999392118,239.37,9,0.108618457,0,26,0,
17-12-06,09:14:00,9:14:00 AM,2.012,0,2,0,239.17,9,0.008362253,0,2,0,
17-12-06,09:15:00,9:15:00 AM,2.372,0,1,0,238.36,9.8,0.004195335,0,1,0,
17-12-06,09:16:00,9:16:00 AM,2.386,0,0,0,238.96,10,0,0,0,0,
17-12-06,09:17:00,9:17:00 AM,2.4,0.064,1,0.999644634,238.59,10,0.00419129,0,1,0,
17-12-06,09:18:00,9:18:00 AM,2.424,0.068,2,0.999606752,238.48,10,0.008386448,0,2,0,
17-12-06,09:19:00,9:19:00 AM,1.066,0.05,1,0.998901804,240,6,0.004166667,0,1,0,
17-12-06,09:20:00,9:20:00 AM,0.38,0,2,0,240.77,1.6,0.008306683,0,2,0,
17-12-06,09:21:00,9:21:00 AM,1.632,0,1,0,239.72,7.8,0.004171533,0,1,0,
17-12-06,09:22:00,9:22:00 AM,2.41,0,1,0,239.47,10,0.004175888,0,1,0,
17-12-06,09:23:00,9:23:00 AM,2.38,0.062,0,0.99966086,239.45,9.8,0,0,0,0,
17-12-06,09:24:00,9:24:00 AM,2.402,0.06,1,0.999688166,239.23,10,0.004180078,0,1,0,
17-12-06,09:25:00,9:25:00 AM,2.438,0.066,1,0.999633772,239.37,10.2,0.004177633,0,1,0,
17-12-06,09:26:00,9:26:00 AM,2.432,0.066,1,0.999631963,239.18,10,0.004180952,0,1,0,
17-12-06,09:27:00,9:27:00 AM,1.64,0.054,2,0.999458352,239.87,8,0.00833785,0,2,0,
17-12-06,09:28:00,9:28:00 AM,0.424,0,2,0,240.71,1.8,0.008308753,0,2,0,
17-12-06,09:29:00,9:29:00 AM,1.41,0.124,5,0.996155278,239.52,7.2,0.020875084,0,5,0,
17-12-06,09:30:00,9:30:00 AM,2.722,0.136,5,0.998754168,237.51,11.4,0.021051745,0,5,0,
17-12-06,09:31:00,9:31:00 AM,2.712,0.136,5,0.998744981,237.44,11.4,0.021057951,0,5,0,
17-12-06,09:32:00,9:32:00 AM,2.706,0.134,5,0.998776156,237.39,11.4,0.021062387,0,5,0,
17-12-06,09:33:00,9:33:00 AM,2.488,0.112,1,0.998988314,237.7,10.4,0.004206984,0,1,0,
17-12-06,09:34:00,9:34:00 AM,2.424,0.072,0,0.999559158,238.73,10,0,0,0,0,
17-12-06,09:35:00,9:35:00 AM,1.258,0.184,0,0.989472055,239.79,6.8,0,0,0,0,
17-12-06,09:36:00,9:36:00 AM,0.37,0.206,0,0.873711364,240.85,1.8,0,0,0,0,
17-12-06,09:37:00,9:37:00 AM,0.786,0.202,0,0.96852689,240.73,4.8,0,0,0,0,
17-12-06,09:38:00,9:38:00 AM,2.474,0.176,0,0.997479125,238.59,10.4,0,0,0,0,
17-12-06,09:39:00,9:39:00 AM,2.474,0.176,0,0.997479125,238.58,10.4,0,0,0,0,
17-12-06,09:40:00,9:40:00 AM,2.488,0.178,0,0.997450553,239.21,10.4,0,0,0,0,
17-12-06,09:41:00,9:41:00 AM,2.486,0.178,0,0.997446465,239.29,10.4,0,0,0,0,
17-12-06,09:42:00,9:42:00 AM,2.444,0.13,0,0.998588328,238.64,10.2,0,0,0,0,
17-12-06,09:43:00,9:43:00 AM,2.272,0.048,0,0.999776905,239.04,9.6,0,0,0,0,
17-12-06,09:44:00,9:44:00 AM,0.338,0.076,0,0.975640655,241.21,1.4,0,0,0,0,
17-12-06,09:45:00,9:45:00 AM,0.29,0,0,0,241.1,1.4,0,0,0,0,
17-12-06,09:46:00,9:46:00 AM,1.466,0,0,0,240.92,7.4,0,0,0,0,
17-12-06,09:47:00,9:47:00 AM,2.324,0.05,0,0.999768641,239.84,9.6,0,0,0,0,
17-12-06,09:48:00,9:48:00 AM,2.32,0.052,0,0.999748906,239.14,9.6,0,0,0,0,
17-12-06,09:49:00,9:49:00 AM,2.308,0.052,0,0.999746289,238.59,9.6,0,0,0,0,
17-12-06,09:50:00,9:50:00 AM,2.314,0.054,0,0.999727822,238.76,9.6,0,0,0,0,
17-12-06,09:51:00,9:51:00 AM,2.312,0.052,0,0.999747166,239.03,9.6,0,0,0,0,
17-12-06,09:52:00,9:52:00 AM,2.306,0.052,0,0.999745849,239.26,9.6,0,0,0,0,
17-12-06,09:53:00,9:53:00 AM,0.444,0,0,0,241.82,3,0,0,0,0,
17-12-06,09:54:00,9:54:00 AM,0.268,0,0,0,242.48,1.2,0,0,0,0,
17-12-06,09:55:00,9:55:00 AM,1.846,0.046,0,0.999689673,240.12,8.4,0,0,0,0,
17-12-06,09:56:00,9:56:00 AM,2.308,0.054,0,0.999726405,238.67,9.6,0,0,0,0,
17-12-06,09:57:00,9:57:00 AM,2.29,0.056,0,0.999701131,238.04,9.6,0,0,0,0,
17-12-06,09:58:00,9:58:00 AM,2.288,0.056,0,0.999700609,238.09,9.6,0,0,0,0,
17-12-06,09:59:00,9:59:00 AM,2.296,0.054,0,0.999723539,238.13,9.6,0,0,0,0,
17-12-06,10:00:00,10:00:00 AM,2.292,0.054,0,0.999722574,238.03,9.6,0,0,0,0,
17-12-06,10:01:00,10:01:00 AM,0.37,0,0,0,240.26,2.4,0,0,0,0,
17-12-06,10:02:00,10:02:00 AM,0.472,0,0,0,240.15,2.4,0,0,0,0,
17-12-06,10:03:00,10:03:00 AM,3.054,0.06,18,0.999807066,237.55,13.4,0.075773521,0,0,18,
17-12-06,10:04:00,10:04:00 AM,3.48,0.066,18,0.999820203,235.97,14.6,0.076280883,0,0,18,
17-12-06,10:05:00,10:05:00 AM,3.572,0.046,17,0.99991709,235.65,15,0.072140887,0,0,17,
17-12-06,10:06:00,10:06:00 AM,3.56,0.058,18,0.99986731,235.44,15,0.076452599,0,0,18,
17-12-06,10:07:00,10:07:00 AM,3.528,0.056,17,0.999874047,234.71,15,0.072429807,0,0,17,
17-12-06,10:08:00,10:08:00 AM,3.49,0.05,16,0.999897389,233.52,14.8,0.068516615,0,0,16,
17-12-06,10:09:00,10:09:00 AM,2.038,0.068,17,0.999443818,235.76,9.4,0.072107228,0,0,17,
17-12-06,10:10:00,10:10:00 AM,1.406,0.078,18,0.99846472,237.13,5.8,0.07590773,0,0,18,
17-12-06,10:11:00,10:11:00 AM,2.84,0.064,17,0.999746179,236.1,12.6,0.072003388,0,0,17,
17-12-06,10:12:00,10:12:00 AM,3.388,0.06,17,0.999843223,235.99,14.2,0.072036951,0,0,17,
17-12-06,10:13:00,10:13:00 AM,3.394,0.062,17,0.99983319,236.29,14.2,0.071945491,0,0,17,
17-12-06,10:14:00,10:14:00 AM,3.36,0.06,17,0.999840599,235.94,14.2,0.072052217,0,0,17,
17-12-06,10:15:00,10:15:00 AM,1.354,0.084,18,0.998081155,238.25,5.6,0.075550892,0,0,18,
17-12-06,10:16:00,10:16:00 AM,1.334,0.082,17,0.998116102,237.88,5.6,0.071464604,0,0,17,
17-12-06,10:17:00,10:17:00 AM,1.358,0.09,17,0.997811091,238.01,5.6,0.07142557,0,0,17,
17-12-06,10:18:00,10:18:00 AM,1.37,0.118,18,0.996311204,237.93,5.8,0.075652503,0,0,18,
17-12-06,10:19:00,10:19:00 AM,1.322,0.054,17,0.999166796,237.72,5.4,0.071512704,0,0,17,
17-12-06,10:20:00,10:20:00 AM,1.304,0.05,17,0.999265695,236.92,5.4,0.071754179,0,0,17,
17-12-06,10:21:00,10:21:00 AM,1.394,0.07,17,0.998741596,238.37,5.8,0.071317699,0,0,17,
17-12-06,10:22:00,10:22:00 AM,1.702,0.082,18,0.998841427,238.37,7,0.075512858,0,0,18,
17-12-06,10:23:00,10:23:00 AM,2.242,0.162,25,0.997399647,237.33,10,0.105338558,1,7,17,
17-12-06,10:24:00,10:24:00 AM,3.714,0.296,54,0.99683913,235.15,15.8,0.229640655,2,35,17,
17-12-06,10:25:00,10:25:00 AM,3.212,0.304,44,0.995551022,235.99,14.2,0.186448578,1,26,17,
17-12-06,10:26:00,10:26:00 AM,3.694,0.28,53,0.997139606,235.16,15.6,0.225378466,1,35,17,
17-12-06,10:27:00,10:27:00 AM,3.204,0.292,45,0.995872799,236.08,14,0.190613351,1,27,17,
17-12-06,10:28:00,10:28:00 AM,3.676,0.268,53,0.997352954,234.85,15.6,0.225675963,1,35,17,
17-12-06,10:29:00,10:29:00 AM,3.666,0.282,54,0.997054486,234.34,15.6,0.230434412,2,35,17,
17-12-06,10:30:00,10:30:00 AM,3.678,0.204,53,0.998465361,236.01,15.6,0.224566756,1,35,17,
17-12-06,10:31:00,10:31:00 AM,3.722,0.3,55,0.996767415,236.22,15.8,0.232833799,1,37,17,
17-12-06,10:32:00,10:32:00 AM,3.716,0.28,54,0.997173232,236.39,15.6,0.228436059,1,36,17,
17-12-06,10:33:00,10:33:00 AM,3.75,0.298,55,0.996857401,236.67,15.8,0.232391093,1,37,17,
17-12-06,10:34:00,10:34:00 AM,4.17,0.268,59,0.99794115,235.42,18,0.25061592,6,36,17,
17-12-06,10:35:00,10:35:00 AM,5.776,0.266,90,0.998941261,232.89,24.8,0.386448538,37,36,17,
17-12-06,10:36:00,10:36:00 AM,5.718,0.244,88,0.999090781,232.07,24.6,0.379195932,37,35,16,
17-12-06,10:37:00,10:37:00 AM,5.738,0.26,88,0.998974991,232.13,24.6,0.379097919,36,35,17,
17-12-06,10:38:00,10:38:00 AM,5.714,0.242,89,0.999104354,231.99,24.6,0.383637226,37,36,16,
17-12-06,10:39:00,10:39:00 AM,5.732,0.268,88,0.998908771,231.88,24.6,0.379506641,36,35,17,
17-12-06,10:40:00,10:40:00 AM,5.73,0.272,87,0.998875226,231.61,24.6,0.375631449,36,35,16,
17-12-06,10:41:00,10:41:00 AM,5.848,0.396,90,0.997715163,232.11,25.2,0.387747189,37,36,17,
17-12-06,10:42:00,10:42:00 AM,5.842,0.38,87,0.997891184,232.47,25,0.374241838,36,35,16,
17-12-06,10:43:00,10:43:00 AM,5.88,0.4,90,0.997694149,233.05,25.2,0.386183222,37,36,17,
17-12-06,10:44:00,10:44:00 AM,5.872,0.384,88,0.997868575,233.26,25.2,0.377261425,36,35,17,
17-12-06,10:45:00,10:45:00 AM,5.07,0.416,77,0.996650696,234.44,21.8,0.328442245,37,23,17,
17-12-06,10:46:00,10:46:00 AM,5.488,0.396,81,0.997406775,234.81,23.4,0.344959755,38,27,16,
17-12-06,10:47:00,10:47:00 AM,5.898,0.404,89,0.997662249,233.85,25.2,0.380585846,36,36,17,
17-12-06,10:48:00,10:48:00 AM,5.026,0.382,77,0.997124091,232.73,22,0.330855498,25,35,17,
17-12-06,10:49:00,10:49:00 AM,3.246,0.4,47,0.99249275,234.31,14.2,0.200588963,1,29,17,
17-12-06,10:50:00,10:50:00 AM,2.712,0.256,39,0.99557432,234.81,11.8,0.166091734,2,21,16,
17-12-06,10:51:00,10:51:00 AM,3.538,0.26,54,0.997310656,233.91,15,0.230858022,1,36,17,
17-12-06,10:52:00,10:52:00 AM,3.574,0.254,54,0.997484137,235.74,15.2,0.22906592,1,36,17,
17-12-06,10:53:00,10:53:00 AM,3.016,0.286,43,0.995533962,237.04,12.8,0.181403982,1,25,17,
17-12-06,10:54:00,10:54:00 AM,3.002,0.224,45,0.997227728,237.17,12.8,0.189737319,1,26,18,
17-12-06,10:55:00,10:55:00 AM,4.444,0.136,69,0.999532055,235.97,19.2,0.292410052,2,50,17,
17-12-06,10:56:00,10:56:00 AM,5.568,0.106,89,0.999818839,234.01,23.8,0.380325627,1,71,17,
17-12-06,10:57:00,10:57:00 AM,4.84,0.132,76,0.999628307,235.21,20.6,0.323115514,1,59,16,
17-12-06,10:58:00,10:58:00 AM,5.066,0.112,80,0.999755704,234.54,21.6,0.341093204,1,62,17,
17-12-06,10:59:00,10:59:00 AM,5.57,0.154,88,0.99961801,232.91,23.8,0.377828346,1,70,17,
17-12-06,11:00:00,11:00:00 AM,3.65,0.22,58,0.998188459,234.55,15.6,0.247282029,1,40,17,
17-12-06,11:01:00,11:01:00 AM,2.394,0.248,36,0.994677119,235.94,10.2,0.152581165,2,17,17,
17-12-06,11:02:00,11:02:00 AM,3.024,0.222,47,0.997316131,234.81,13.2,0.200161833,1,29,17,
17-12-06,11:03:00,11:03:00 AM,3.25,0.232,47,0.997461815,234.6,14.2,0.200341006,1,29,17,
17-12-06,11:04:00,11:04:00 AM,3.378,0.16,52,0.998880148,235.39,14.4,0.220909979,1,34,17,
17-12-06,11:05:00,11:05:00 AM,2.264,0.144,31,0.997983367,237.06,9.6,0.130768582,2,12,17,
17-12-06,11:06:00,11:06:00 AM,3.108,0.112,46,0.999351334,235.01,13.4,0.195736352,1,28,17,
17-12-06,11:07:00,11:07:00 AM,2.978,0.11,43,0.999318506,233.95,13.2,0.183799957,1,26,16,
17-12-06,11:08:00,11:08:00 AM,1.966,0.118,30,0.998203631,234.51,8.6,0.127926314,1,12,17,
17-12-06,11:09:00,11:09:00 AM,1.928,0.134,26,0.997593446,235.57,8.4,0.11037059,1,8,17,
17-12-06,11:10:00,11:10:00 AM,2.526,0.082,38,0.999473513,234.36,11,0.162143711,1,20,17,
17-12-06,11:11:00,11:11:00 AM,1.51,0,21,0,235.49,6.4,0.089175761,1,3,17,
17-12-06,11:12:00,11:12:00 AM,1.572,0.064,22,0.999172276,236.83,6.6,0.092893637,1,4,17,
17-12-06,11:13:00,11:13:00 AM,1.602,0.076,24,0.998876586,237.21,6.8,0.101176173,2,4,18,
17-12-06,11:14:00,11:14:00 AM,1.562,0.062,22,0.999213174,236.76,6.6,0.092921102,1,4,17,
17-12-06,11:15:00,11:15:00 AM,1.55,0,21,0,237.83,6.4,0.088298364,1,3,17,
17-12-06,11:16:00,11:16:00 AM,1.586,0.05,22,0.99950343,237.91,6.6,0.092471943,1,4,17,
17-12-06,11:17:00,11:17:00 AM,1.658,0.168,22,0.994905625,238.35,7,0.092301238,1,3,18,
17-12-06,11:18:00,11:18:00 AM,1.658,0.164,22,0.995143583,236.8,7,0.092905405,2,3,17,
17-12-06,11:19:00,11:19:00 AM,1.65,0.314,18,0.98236982,234.89,7,0.076631615,0,1,17,
17-12-06,11:20:00,11:20:00 AM,1.676,0.312,18,0.98311042,235.59,7.2,0.076403922,1,0,17,
17-12-06,11:21:00,11:21:00 AM,2.492,0.31,30,0.992351219,234.99,11.4,0.127665007,12,1,17,
17-12-06,11:22:00,11:22:00 AM,3.828,0.288,55,0.997181797,234.29,16.4,0.234751803,37,1,17,
17-12-06,11:23:00,11:23:00 AM,3.822,0.262,53,0.997658663,234.72,16.2,0.225800954,37,0,16,
17-12-06,11:24:00,11:24:00 AM,3.834,0.254,55,0.997812709,235.27,16.2,0.233773962,37,1,17,
17-12-06,11:25:00,11:25:00 AM,3.81,0.248,54,0.997888233,235.19,16.2,0.229601599,37,0,17,
17-12-06,11:26:00,11:26:00 AM,3.824,0.244,54,0.997970495,234.83,16.2,0.229953583,37,0,17,
17-12-06,11:27:00,11:27:00 AM,3.838,0.226,54,0.998270784,235.06,16.2,0.22972858,37,0,17,
17-12-06,11:28:00,11:28:00 AM,3.844,0.23,55,0.998214768,234.72,16.4,0.234321745,37,1,17,
17-12-06,11:29:00,11:29:00 AM,3.824,0.25,54,0.997869778,234.49,16.2,0.230287006,37,0,17,
17-12-06,11:30:00,11:30:00 AM,3.844,0.208,55,0.998539245,234.82,16.4,0.234221957,37,1,17,
17-12-06,11:31:00,11:31:00 AM,3.88,0.146,56,0.999292785,234.73,16.4,0.238571976,37,2,17,
17-12-06,11:32:00,11:32:00 AM,4.004,0.162,59,0.999182516,236.29,16.8,0.249693174,37,5,17,
17-12-06,11:33:00,11:33:00 AM,3.784,0.124,55,0.99946351,235.97,16,0.233080476,38,0,17,
17-12-06,11:34:00,11:34:00 AM,3.784,0.104,55,0.999622525,236.2,16,0.232853514,37,1,17,
17-12-06,11:35:00,11:35:00 AM,3.792,0.104,54,0.999624115,237.09,16,0.22776161,37,0,17,
17-12-06,11:36:00,11:36:00 AM,2.146,0.192,28,0.996021538,236.81,9.8,0.11823825,11,0,17,
17-12-06,11:37:00,11:37:00 AM,1.608,0.208,17,0.991737416,237.06,6.8,0.071711803,0,0,17,
17-12-06,11:38:00,11:38:00 AM,1.828,0.212,18,0.993342132,237.83,7.6,0.075684312,0,0,18,
17-12-06,11:39:00,11:39:00 AM,1.922,0.212,17,0.993971712,237.67,8,0.071527749,0,0,17,
17-12-06,11:40:00,11:40:00 AM,1.978,0.252,17,0.991981916,237.94,8.4,0.071446583,0,0,17,
17-12-06,11:41:00,11:41:00 AM,1.93,0.218,19,0.993681168,238.08,8,0.079805108,1,0,18,
17-12-06,11:42:00,11:42:00 AM,1.964,0.222,18,0.99367216,239.49,8.2,0.075159714,0,1,17,
17-12-06,11:43:00,11:43:00 AM,1.854,0.224,18,0.992780229,240.69,7.6,0.074784993,0,0,18,
17-12-06,11:44:00,11:44:00 AM,1.762,0.228,18,0.991731715,240.31,7.4,0.07490325,0,0,18,
17-12-06,11:45:00,11:45:00 AM,1.738,0.218,17,0.992225089,239.63,7.2,0.070942703,0,0,17,
17-12-06,11:46:00,11:46:00 AM,1.766,0.228,18,0.991768667,240.77,7.4,0.074760145,0,0,18,
17-12-06,11:47:00,11:47:00 AM,1.746,0.234,18,0.991138435,240.59,7.2,0.074816077,0,0,18,
17-12-06,11:48:00,11:48:00 AM,1.734,0.236,18,0.990864908,239.63,7.2,0.075115804,0,1,17,
17-12-06,11:49:00,11:49:00 AM,1.738,0.252,18,0.989651226,239.29,7.2,0.075222533,0,0,18,
17-12-06,11:50:00,11:50:00 AM,1.958,0.248,17,0.992073881,238.73,8.2,0.071210154,0,0,17,
17-12-06,11:51:00,11:51:00 AM,1.964,0.222,18,0.99367216,239.3,8.2,0.07521939,0,0,18,
17-12-06,11:52:00,11:52:00 AM,1.962,0.232,17,0.993081331,239.43,8.2,0.071001963,0,0,17,
17-12-06,11:53:00,11:53:00 AM,2.05,0.348,19,0.985895549,238.99,8.6,0.079501234,0,1,18,
17-12-06,11:54:00,11:54:00 AM,2.032,0.342,17,0.986130344,239.1,8.6,0.071099958,0,0,17,
17-12-06,11:55:00,11:55:00 AM,2.036,0.34,18,0.986341501,238.21,8.6,0.075563578,0,0,18,
17-12-06,11:56:00,11:56:00 AM,1.964,0.27,17,0.990682243,238.1,8.2,0.071398572,0,0,17,
17-12-06,11:57:00,11:57:00 AM,1.97,0.252,18,0.991917451,238.53,8.2,0.075462206,0,0,18,
17-12-06,11:58:00,11:58:00 AM,1.946,0.246,17,0.992104363,238.36,8.2,0.071320691,0,0,17,
17-12-06,11:59:00,11:59:00 AM,1.97,0.254,18,0.991790229,238.87,8.2,0.075354795,0,1,17,